PRAGMA foreign_keys=OFF;
BEGIN TRANSACTION;
CREATE TABLE "django_migrations" ("id" integer NOT NULL PRIMARY KEY AUTOINCREMENT, "app" varchar(255) NOT NULL, "name" varchar(255) NOT NULL, "applied" datetime NOT NULL);
INSERT INTO "django_migrations" VALUES(1,'contenttypes','0001_initial','2015-06-20 13:27:30.937203');
INSERT INTO "django_migrations" VALUES(2,'auth','0001_initial','2015-06-20 13:27:31.206097');
INSERT INTO "django_migrations" VALUES(3,'admin','0001_initial','2015-06-20 13:27:31.474898');
INSERT INTO "django_migrations" VALUES(4,'contenttypes','0002_remove_content_type_name','2015-06-20 13:27:31.821702');
INSERT INTO "django_migrations" VALUES(5,'auth','0002_alter_permission_name_max_length','2015-06-20 13:27:32.102255');
INSERT INTO "django_migrations" VALUES(6,'auth','0003_alter_user_email_max_length','2015-06-20 13:27:32.359181');
INSERT INTO "django_migrations" VALUES(7,'auth','0004_alter_user_username_opts','2015-06-20 13:27:32.627745');
INSERT INTO "django_migrations" VALUES(8,'auth','0005_alter_user_last_login_null','2015-06-20 13:27:32.985269');
INSERT INTO "django_migrations" VALUES(9,'auth','0006_require_contenttypes_0002','2015-06-20 13:27:33.099000');
INSERT INTO "django_migrations" VALUES(10,'notes','0001_initial','2015-06-20 13:27:33.434183');
INSERT INTO "django_migrations" VALUES(11,'sessions','0001_initial','2015-06-20 13:27:33.691464');
INSERT INTO "django_migrations" VALUES(12,'notes','0002_auto_20150620_1627','2015-06-20 13:27:56.117969');
INSERT INTO "django_migrations" VALUES(13,'notes','0003_color_status','2015-06-20 13:39:55.188875');
INSERT INTO "django_migrations" VALUES(14,'notes','0004_auto_20150620_1642','2015-06-20 13:42:16.757865');
INSERT INTO "django_migrations" VALUES(15,'notes','0005_auto_20150620_2302','2015-06-20 20:02:33.403708');
CREATE TABLE "auth_group" ("id" integer NOT NULL PRIMARY KEY AUTOINCREMENT, "name" varchar(80) NOT NULL UNIQUE);
CREATE TABLE "auth_group_permissions" ("id" integer NOT NULL PRIMARY KEY AUTOINCREMENT, "group_id" integer NOT NULL REFERENCES "auth_group" ("id"), "permission_id" integer NOT NULL REFERENCES "auth_permission" ("id"), UNIQUE ("group_id", "permission_id"));
CREATE TABLE "auth_user_groups" ("id" integer NOT NULL PRIMARY KEY AUTOINCREMENT, "user_id" integer NOT NULL REFERENCES "auth_user" ("id"), "group_id" integer NOT NULL REFERENCES "auth_group" ("id"), UNIQUE ("user_id", "group_id"));
CREATE TABLE "auth_user_user_permissions" ("id" integer NOT NULL PRIMARY KEY AUTOINCREMENT, "user_id" integer NOT NULL REFERENCES "auth_user" ("id"), "permission_id" integer NOT NULL REFERENCES "auth_permission" ("id"), UNIQUE ("user_id", "permission_id"));
CREATE TABLE "django_admin_log" ("id" integer NOT NULL PRIMARY KEY AUTOINCREMENT, "action_time" datetime NOT NULL, "object_id" text NULL, "object_repr" varchar(200) NOT NULL, "action_flag" smallint unsigned NOT NULL, "change_message" text NOT NULL, "content_type_id" integer NULL REFERENCES "django_content_type" ("id"), "user_id" integer NOT NULL REFERENCES "auth_user" ("id"));
INSERT INTO "django_admin_log" VALUES(1,'2015-06-20 13:32:47.873839','1','Other',1,'',9,1);
INSERT INTO "django_admin_log" VALUES(2,'2015-06-20 13:32:53.036327','2','Family',1,'',9,1);
INSERT INTO "django_admin_log" VALUES(3,'2015-06-20 13:33:37.552917','1','sea',1,'',8,1);
INSERT INTO "django_admin_log" VALUES(4,'2015-06-20 13:33:42.051031','2','sun',1,'',8,1);
INSERT INTO "django_admin_log" VALUES(5,'2015-06-20 13:34:14.569960','1','vladaoleynik - Lorem Ipsum',1,'',11,1);
INSERT INTO "django_admin_log" VALUES(6,'2015-06-20 13:34:34.162556','2','vladaoleynik - Phasellus risus nibh',1,'',11,1);
INSERT INTO "django_admin_log" VALUES(7,'2015-06-20 13:34:49.982522','2','user1',1,'',4,1);
INSERT INTO "django_admin_log" VALUES(8,'2015-06-20 13:35:14.325651','3','user1 - Morbi vulputate laoreet leo eget ultrice',1,'',11,1);
INSERT INTO "django_admin_log" VALUES(9,'2015-06-20 13:41:00.941703','4','85001F',1,'',7,1);
INSERT INTO "django_admin_log" VALUES(10,'2015-06-20 13:42:32.473597','1','vladaoleynik',1,'',10,1);
INSERT INTO "django_admin_log" VALUES(11,'2015-06-20 13:42:37.061118','1','vladaoleynik',2,'No fields changed.',10,1);
INSERT INTO "django_admin_log" VALUES(12,'2015-06-20 18:31:16.441102','4','user1 - Donec bibendum suscipit rhoncus',2,'Changed title, text and color.',11,1);
INSERT INTO "django_admin_log" VALUES(13,'2015-06-20 18:31:43.257238','6','qwerty - Mauris tincidunt at metus at luctus',1,'',11,1);
CREATE TABLE "django_content_type" ("id" integer NOT NULL PRIMARY KEY AUTOINCREMENT, "app_label" varchar(100) NOT NULL, "model" varchar(100) NOT NULL, UNIQUE ("app_label", "model"));
INSERT INTO "django_content_type" VALUES(1,'admin','logentry');
INSERT INTO "django_content_type" VALUES(2,'auth','permission');
INSERT INTO "django_content_type" VALUES(3,'auth','group');
INSERT INTO "django_content_type" VALUES(4,'auth','user');
INSERT INTO "django_content_type" VALUES(5,'contenttypes','contenttype');
INSERT INTO "django_content_type" VALUES(6,'sessions','session');
INSERT INTO "django_content_type" VALUES(7,'notes','color');
INSERT INTO "django_content_type" VALUES(8,'notes','tag');
INSERT INTO "django_content_type" VALUES(9,'notes','category');
INSERT INTO "django_content_type" VALUES(10,'notes','usersettings');
INSERT INTO "django_content_type" VALUES(11,'notes','note');
CREATE TABLE "auth_permission" ("id" integer NOT NULL PRIMARY KEY AUTOINCREMENT, "content_type_id" integer NOT NULL REFERENCES "django_content_type" ("id"), "codename" varchar(100) NOT NULL, "name" varchar(255) NOT NULL, UNIQUE ("content_type_id", "codename"));
INSERT INTO "auth_permission" VALUES(1,1,'add_logentry','Can add log entry');
INSERT INTO "auth_permission" VALUES(2,1,'change_logentry','Can change log entry');
INSERT INTO "auth_permission" VALUES(3,1,'delete_logentry','Can delete log entry');
INSERT INTO "auth_permission" VALUES(4,2,'add_permission','Can add permission');
INSERT INTO "auth_permission" VALUES(5,2,'change_permission','Can change permission');
INSERT INTO "auth_permission" VALUES(6,2,'delete_permission','Can delete permission');
INSERT INTO "auth_permission" VALUES(7,3,'add_group','Can add group');
INSERT INTO "auth_permission" VALUES(8,3,'change_group','Can change group');
INSERT INTO "auth_permission" VALUES(9,3,'delete_group','Can delete group');
INSERT INTO "auth_permission" VALUES(10,4,'add_user','Can add user');
INSERT INTO "auth_permission" VALUES(11,4,'change_user','Can change user');
INSERT INTO "auth_permission" VALUES(12,4,'delete_user','Can delete user');
INSERT INTO "auth_permission" VALUES(13,5,'add_contenttype','Can add content type');
INSERT INTO "auth_permission" VALUES(14,5,'change_contenttype','Can change content type');
INSERT INTO "auth_permission" VALUES(15,5,'delete_contenttype','Can delete content type');
INSERT INTO "auth_permission" VALUES(16,6,'add_session','Can add session');
INSERT INTO "auth_permission" VALUES(17,6,'change_session','Can change session');
INSERT INTO "auth_permission" VALUES(18,6,'delete_session','Can delete session');
INSERT INTO "auth_permission" VALUES(19,7,'add_color','Can add color');
INSERT INTO "auth_permission" VALUES(20,7,'change_color','Can change color');
INSERT INTO "auth_permission" VALUES(21,7,'delete_color','Can delete color');
INSERT INTO "auth_permission" VALUES(22,8,'add_tag','Can add tag');
INSERT INTO "auth_permission" VALUES(23,8,'change_tag','Can change tag');
INSERT INTO "auth_permission" VALUES(24,8,'delete_tag','Can delete tag');
INSERT INTO "auth_permission" VALUES(25,9,'add_category','Can add category');
INSERT INTO "auth_permission" VALUES(26,9,'change_category','Can change category');
INSERT INTO "auth_permission" VALUES(27,9,'delete_category','Can delete category');
INSERT INTO "auth_permission" VALUES(28,10,'add_usersettings','Can add user settings');
INSERT INTO "auth_permission" VALUES(29,10,'change_usersettings','Can change user settings');
INSERT INTO "auth_permission" VALUES(30,10,'delete_usersettings','Can delete user settings');
INSERT INTO "auth_permission" VALUES(31,11,'add_note','Can add note');
INSERT INTO "auth_permission" VALUES(32,11,'change_note','Can change note');
INSERT INTO "auth_permission" VALUES(33,11,'delete_note','Can delete note');
INSERT INTO "auth_permission" VALUES(34,11,'view_notes','Anyone can see my notes');
CREATE TABLE "auth_user" ("id" integer NOT NULL PRIMARY KEY AUTOINCREMENT, "password" varchar(128) NOT NULL, "is_superuser" bool NOT NULL, "username" varchar(30) NOT NULL UNIQUE, "first_name" varchar(30) NOT NULL, "last_name" varchar(30) NOT NULL, "email" varchar(254) NOT NULL, "is_staff" bool NOT NULL, "is_active" bool NOT NULL, "date_joined" datetime NOT NULL, "last_login" datetime NULL);
INSERT INTO "auth_user" VALUES(1,'pbkdf2_sha256$20000$34YXGEOVPpSX$wcO+hR2kb4BJ8lHTlEEU4iWIVFImPXqypdJEpyNKg2Q=',1,'vladaoleynik','','','',1,1,'2015-06-20 13:27:42.609142','2015-06-20 17:52:01.631751');
INSERT INTO "auth_user" VALUES(2,'pbkdf2_sha256$20000$tebasuIJ2crO$a02VA9GmamTTP4cMRW76PFfqk43zCLptKGtiprlFUt4=',0,'user1','','','',0,1,'2015-06-20 13:34:49.853959',NULL);
INSERT INTO "auth_user" VALUES(3,'pbkdf2_sha256$20000$0uelTV9Edz1H$d7reZMIOTOQtcWuS6PVQTxl/kGOyaNkxUcbJ1hfpvoU=',0,'qwerty','','','',0,1,'2015-06-20 15:28:35.426865','2015-06-20 15:28:35.969053');
CREATE TABLE "notes_category" ("id" integer NOT NULL PRIMARY KEY AUTOINCREMENT, "category" varchar(40) NOT NULL);
INSERT INTO "notes_category" VALUES(1,'Other');
INSERT INTO "notes_category" VALUES(2,'Family');
CREATE TABLE "notes_tag" ("id" integer NOT NULL PRIMARY KEY AUTOINCREMENT, "tag" varchar(40) NOT NULL);
INSERT INTO "notes_tag" VALUES(1,'sea');
INSERT INTO "notes_tag" VALUES(2,'sun');
CREATE TABLE "notes_note_tag" ("id" integer NOT NULL PRIMARY KEY AUTOINCREMENT, "note_id" integer NOT NULL REFERENCES "notes_note" ("id"), "tag_id" integer NOT NULL REFERENCES "notes_tag" ("id"), UNIQUE ("note_id", "tag_id"));
INSERT INTO "notes_note_tag" VALUES(2,2,1);
INSERT INTO "notes_note_tag" VALUES(3,2,2);
INSERT INTO "notes_note_tag" VALUES(8,1,1);
INSERT INTO "notes_note_tag" VALUES(9,4,1);
INSERT INTO "notes_note_tag" VALUES(10,4,2);
CREATE TABLE "django_session" ("session_key" varchar(40) NOT NULL PRIMARY KEY, "session_data" text NOT NULL, "expire_date" datetime NOT NULL);
INSERT INTO "django_session" VALUES('r7sdkop5g8sygt9iagd7j8t00vkv56fa','Yjk0OWQ3OTBiNzQzMDhhZWZlMDBhZDlkYzRhMGZkMzYzMjk4ODQzZjp7Il9hdXRoX3VzZXJfaGFzaCI6ImFhNzA0OGE1YTI3ZDU5ZWFjNTlkNDdlNWE3YTJiZDU4MDZjMjdkYWEiLCJfYXV0aF91c2VyX2JhY2tlbmQiOiJkamFuZ28uY29udHJpYi5hdXRoLmJhY2tlbmRzLk1vZGVsQmFja2VuZCIsIl9hdXRoX3VzZXJfaWQiOiIxIn0=','2015-07-04 13:48:17.966819');
INSERT INTO "django_session" VALUES('3omm7vih8f0s3zclvqodbg0a16gt9w8p','Yjk0OWQ3OTBiNzQzMDhhZWZlMDBhZDlkYzRhMGZkMzYzMjk4ODQzZjp7Il9hdXRoX3VzZXJfaGFzaCI6ImFhNzA0OGE1YTI3ZDU5ZWFjNTlkNDdlNWE3YTJiZDU4MDZjMjdkYWEiLCJfYXV0aF91c2VyX2JhY2tlbmQiOiJkamFuZ28uY29udHJpYi5hdXRoLmJhY2tlbmRzLk1vZGVsQmFja2VuZCIsIl9hdXRoX3VzZXJfaWQiOiIxIn0=','2015-07-04 17:52:01.765986');
CREATE TABLE "notes_usersettings" ("id" integer NOT NULL PRIMARY KEY AUTOINCREMENT, "user_id" integer NOT NULL UNIQUE REFERENCES "auth_user" ("id"));
INSERT INTO "notes_usersettings" VALUES(1,1);
INSERT INTO "notes_usersettings" VALUES(2,3);
INSERT INTO "notes_usersettings" VALUES(3,2);
CREATE TABLE "notes_note" ("id" integer NOT NULL PRIMARY KEY AUTOINCREMENT, "title" varchar(40) NOT NULL, "text" text NOT NULL, "media" varchar(100) NULL, "category_id" integer NOT NULL REFERENCES "notes_category" ("id"), "user_id" integer NOT NULL REFERENCES "auth_user" ("id"), "color_id" integer NOT NULL REFERENCES "notes_color" ("id"));
INSERT INTO "notes_note" VALUES(1,'Lorem Ipsum','Lorem ipsum dolor sit amet, consectetur adipiscing elit. Ut laoreet dolor odio, sed lobortis mi mollis et. Aliquam condimentum orci leo, at rutrum ligula imperdiet at. Aenean iaculis, odio sit amet cursus placerat, lorem sapien ultricies purus, sit amet sagittis lacus leo in justo. Nullam et ipsum sed nunc viverra egestas. Pellentesque vitae felis eu neque porta ultricies eget gravida est. Donec nunc magna, dignissim non ullamcorper sed, sodales at massa. Cras aliquam urna in fringilla vulputate. Sed laoreet tellus magna, id luctus enim rhoncus sed. Ut ac lorem fermentum, ornare eros sit amet, feugiat odio. Pellentesque vel convallis ex. Proin convallis dolor quis luctus euismod. Morbi in tortor ornare, tempus tellus sit amet, varius turpis. ','',1,1,6);
INSERT INTO "notes_note" VALUES(2,'Phasellus risus nibh','Phasellus risus nibh, dapibus eu lacinia id, lacinia a libero. In molestie lorem eu lorem facilisis, quis commodo nunc congue. Maecenas a justo eget libero vehicula hendrerit eu ac urna. Nunc eget sodales est, nec tempor ipsum. Maecenas sagittis lacinia cursus. Vivamus cursus, massa non tincidunt facilisis, mauris lectus molestie leo, vitae mollis massa risus vitae sapien. Nam imperdiet vestibulum augue at feugiat. Donec in porttitor nisi, mollis efficitur nunc. Nullam sollicitudin eleifend quam id rhoncus. Ut metus tortor, iaculis a malesuada tempor, egestas et elit. Sed dignissim venenatis erat sed sodales. ','',2,1,2);
INSERT INTO "notes_note" VALUES(3,'Morbi vulputate laoreet leo eget ultrice','Morbi vulputate laoreet leo eget ultrices. Nam gravida turpis tempor nunc condimentum, quis imperdiet magna pellentesque. Duis sit amet massa sed risus tempus aliquam non ac velit. Sed faucibus eu massa ac facilisis. Ut rhoncus libero nibh, vitae blandit enim venenatis in. Nunc eget metus dictum augue bibendum iaculis ut sit amet urna. Nullam lorem lorem, ullamcorper eu porttitor sed, efficitur semper nulla. Integer dapibus imperdiet ultricies. In molestie risus et enim tincidunt, vitae hendrerit libero auctor. ','',1,2,3);
INSERT INTO "notes_note" VALUES(4,'Donec bibendum suscipit rhoncus','Donec bibendum suscipit rhoncus. Aliquam vel sapien semper, pellentesque ligula id, egestas felis. Cras dignissim nisi sed velit egestas commodo. Interdum et malesuada fames ac ante ipsum primis in faucibus. Pellentesque convallis malesuada sapien in commodo. Cras sed auctor neque. Donec accumsan a nisi sed porta. Vestibulum vitae efficitur turpis. Morbi nec elit sodales, cursus leo ut, gravida lorem. ','',2,2,4);
INSERT INTO "notes_note" VALUES(6,'Mauris tincidunt at metus at luctus','Mauris tincidunt at metus at luctus. Donec gravida, ante eu ullamcorper volutpat, sapien orci auctor purus, rutrum scelerisque risus augue at lectus. Mauris rhoncus mi sit amet libero dignissim aliquet. Mauris eget orci et diam accumsan dignissim vel vitae leo. Sed iaculis ullamcorper turpis, vitae mattis nunc eleifend sit amet. Aliquam in arcu lectus. Cras eu enim in ex dapibus semper. Maecenas erat turpis, porta sed lacus ac, tempor porta augue. Integer dapibus commodo varius. ','',1,3,3);
CREATE TABLE "notes_color" ("id" integer NOT NULL PRIMARY KEY AUTOINCREMENT, "color" varchar(6) NOT NULL, "status" varchar(10) NOT NULL);
INSERT INTO "notes_color" VALUES(1,'F0CE99','system');
INSERT INTO "notes_color" VALUES(2,'AEF099','system');
INSERT INTO "notes_color" VALUES(3,'99BEF0','system');
INSERT INTO "notes_color" VALUES(4,'85001F','user');
INSERT INTO "notes_color" VALUES(5,'00ff00','user');
INSERT INTO "notes_color" VALUES(6,'F0CE98','user');
CREATE TABLE "notes_usersettings_category" ("id" integer NOT NULL PRIMARY KEY AUTOINCREMENT, "usersettings_id" integer NOT NULL REFERENCES "notes_usersettings" ("id"), "category_id" integer NOT NULL REFERENCES "notes_category" ("id"), UNIQUE ("usersettings_id", "category_id"));
CREATE TABLE "notes_usersettings_color" ("id" integer NOT NULL PRIMARY KEY AUTOINCREMENT, "usersettings_id" integer NOT NULL REFERENCES "notes_usersettings" ("id"), "color_id" integer NOT NULL REFERENCES "notes_color" ("id"), UNIQUE ("usersettings_id", "color_id"));
INSERT INTO "notes_usersettings_color" VALUES(2,1,4);
CREATE TABLE "notes_usersettings_tag" ("id" integer NOT NULL PRIMARY KEY AUTOINCREMENT, "usersettings_id" integer NOT NULL REFERENCES "notes_usersettings" ("id"), "tag_id" integer NOT NULL REFERENCES "notes_tag" ("id"), UNIQUE ("usersettings_id", "tag_id"));
DELETE FROM sqlite_sequence;
INSERT INTO "sqlite_sequence" VALUES('django_migrations',15);
INSERT INTO "sqlite_sequence" VALUES('django_content_type',11);
INSERT INTO "sqlite_sequence" VALUES('auth_permission',34);
INSERT INTO "sqlite_sequence" VALUES('auth_user',3);
INSERT INTO "sqlite_sequence" VALUES('notes_note',6);
INSERT INTO "sqlite_sequence" VALUES('notes_category',2);
INSERT INTO "sqlite_sequence" VALUES('django_admin_log',13);
INSERT INTO "sqlite_sequence" VALUES('notes_tag',2);
INSERT INTO "sqlite_sequence" VALUES('notes_note_tag',10);
INSERT INTO "sqlite_sequence" VALUES('notes_color',6);
INSERT INTO "sqlite_sequence" VALUES('notes_usersettings',3);
INSERT INTO "sqlite_sequence" VALUES('notes_usersettings_category',0);
INSERT INTO "sqlite_sequence" VALUES('notes_usersettings_color',2);
INSERT INTO "sqlite_sequence" VALUES('notes_usersettings_tag',0);
CREATE INDEX "auth_group_permissions_0e939a4f" ON "auth_group_permissions" ("group_id");
CREATE INDEX "auth_group_permissions_8373b171" ON "auth_group_permissions" ("permission_id");
CREATE INDEX "auth_user_groups_e8701ad4" ON "auth_user_groups" ("user_id");
CREATE INDEX "auth_user_groups_0e939a4f" ON "auth_user_groups" ("group_id");
CREATE INDEX "auth_user_user_permissions_e8701ad4" ON "auth_user_user_permissions" ("user_id");
CREATE INDEX "auth_user_user_permissions_8373b171" ON "auth_user_user_permissions" ("permission_id");
CREATE INDEX "django_admin_log_417f1b1c" ON "django_admin_log" ("content_type_id");
CREATE INDEX "django_admin_log_e8701ad4" ON "django_admin_log" ("user_id");
CREATE INDEX "auth_permission_417f1b1c" ON "auth_permission" ("content_type_id");
CREATE INDEX "django_session_de54fa62" ON "django_session" ("expire_date");
CREATE INDEX "notes_note_b583a629" ON "notes_note" ("category_id");
CREATE INDEX "notes_note_e8701ad4" ON "notes_note" ("user_id");
CREATE INDEX "notes_note_399a0583" ON "notes_note" ("color_id");
CREATE INDEX "notes_usersettings_category_fc1137b9" ON "notes_usersettings_category" ("usersettings_id");
CREATE INDEX "notes_usersettings_category_b583a629" ON "notes_usersettings_category" ("category_id");
CREATE INDEX "notes_usersettings_color_fc1137b9" ON "notes_usersettings_color" ("usersettings_id");
CREATE INDEX "notes_usersettings_color_399a0583" ON "notes_usersettings_color" ("color_id");
CREATE INDEX "notes_usersettings_tag_fc1137b9" ON "notes_usersettings_tag" ("usersettings_id");
CREATE INDEX "notes_usersettings_tag_76f094bc" ON "notes_usersettings_tag" ("tag_id");
COMMIT;
